Create Database if not exists commerce;
use commerce;
/* Creating */
CREATE TABLE IF NOT EXISTS supplier(
SUPP_ID int primary key,
SUPP_NAME varchar(50) NOT NULL,
SUPP_CITY varchar(50),
SUPP_PHONE varchar(10) NOT NULL
);

CREATE TABLE IF NOT EXISTS customer(
CUS_ID INT NOT NULL,
CUS_NAME VARCHAR(20) NOT NULL,
CUS_PHONE VARCHAR(10) NOT NULL,
CUS_CITY varchar(30) NOT NULL,
CUS_GENDER CHAR,
PRIMARY KEY (CUS_ID));

CREATE TABLE IF NOT EXISTS category (
CAT_ID INT NOT NULL,
CAT_NAME VARCHAR(20) NOT NULL,
PRIMARY KEY (CAT_ID)
);

CREATE TABLE IF NOT EXISTS product (
PRO_ID INT NOT NULL,
PRO_NAME VARCHAR(20) NOT NULL DEFAULT "Dummy",
PRO_DESC VARCHAR(60),
CAT_ID INT NOT NULL,
PRIMARY KEY (PRO_ID),
FOREIGN KEY (CAT_ID) REFERENCES CATEGORY (CAT_ID)
);

CREATE TABLE IF NOT EXISTS supplier_pricing (
PRICING_ID INT NOT NULL,
PRO_ID INT NOT NULL,
SUPP_ID INT NOT NULL,
SUPP_PRICE INT DEFAULT 0,
PRIMARY KEY (PRICING_ID),
FOREIGN KEY (PRO_ID) REFERENCES PRODUCT (PRO_ID),
FOREIGN KEY (SUPP_ID) REFERENCES SUPPLIER(SUPP_ID)
);

CREATE TABLE IF NOT EXISTS `order` (
ORD_ID INT NOT NULL,
ORD_AMOUNT INT NOT NULL,
ORD_DATE DATE,
CUS_ID INT NOT NULL,
PRICING_ID INT NOT NULL,
PRIMARY KEY (ORD_ID),
FOREIGN KEY (CUS_ID) REFERENCES CUSTOMER(CUS_ID),
FOREIGN KEY (PRICING_ID) REFERENCES SUPPLIER_PRICING(PRICING_ID)
);

CREATE TABLE IF NOT EXISTS rating (
RAT_ID INT NOT NULL,
ORD_ID INT NOT NULL,
RAT_RATSTARS INT NOT NULL,
PRIMARY KEY (RAT_ID),
FOREIGN KEY (ORD_ID) REFERENCES `order`(ORD_ID)
);

/* inserting data */
INSERT INTO SUPPLIER VALUES(1,"Rajesh Retails","Delhi",'1234567890');
INSERT INTO SUPPLIER VALUES(2,"Appario Ltd.","Mumbai",'2589631470');
INSERT INTO SUPPLIER VALUES(3,"Knome products","Banglore",'9785462315');
INSERT INTO SUPPLIER VALUES(4,"Bansal Retails","Kochi",'8975463285');
INSERT INTO SUPPLIER VALUES(5,"Mittal Ltd.","Lucknow",'7898456532');

INSERT INTO CUSTOMER VALUES(1,"AAKASH",'9999999999',"DELHI",'M');
INSERT INTO CUSTOMER VALUES(2,"AMAN",'9785463215',"NOIDA",'M');
INSERT INTO CUSTOMER VALUES(3,"NEHA",'9999999999',"MUMBAI",'F');
INSERT INTO CUSTOMER VALUES(4,"MEGHA",'9994562399',"KOLKATA",'F');
INSERT INTO CUSTOMER VALUES(5,"PULKIT",'7895999999',"LUCKNOW",'M');

INSERT INTO CATEGORY VALUES( 1,"BOOKS");
INSERT INTO CATEGORY VALUES(2,"GAMES");
INSERT INTO CATEGORY VALUES(3,"GROCERIES");
INSERT INTO CATEGORY VALUES (4,"ELECTRONICS");
INSERT INTO CATEGORY VALUES(5,"CLOTHES");

INSERT INTO PRODUCT VALUES(1,"GTA V","Windows 7 and above with i5 processor and 8GB RAM",2);
INSERT INTO PRODUCT VALUES(2,"TSHIRT","SIZE-L with Black, Blue and White variations",5);
INSERT INTO PRODUCT VALUES(3,"ROG LAPTOP","Windows 10 with 15inch screen, i7 processor, 1TB SSD",4);
INSERT INTO PRODUCT VALUES(4,"OATS","Highly Nutritious from Nestle",3);
INSERT INTO PRODUCT VALUES(5,"HARRY POTTER","Best Collection of all time by J.K Rowling",1);
INSERT INTO PRODUCT VALUES(6,"MILK","1L Toned MIlk",3);
INSERT INTO PRODUCT VALUES(7,"Boat EarPhones","1.5Meter long Dolby Atmos",4);
INSERT INTO PRODUCT VALUES(8,"Jeans","Stretchable Denim Jeans with various sizes and color",5);
INSERT INTO PRODUCT VALUES(9,"Project IGI","compatible with windows 7 and above",2);
INSERT INTO PRODUCT VALUES(10,"Hoodie","Black GUCCI for 13 yrs and above",5);
INSERT INTO PRODUCT VALUES(11,"Rich Dad Poor Dad","Written by RObert Kiyosaki",1);
INSERT INTO PRODUCT VALUES(12,"Train Your Brain","By Shireen Stephen",1);

INSERT INTO SUPPLIER_PRICING VALUES(1,1,2,1500);
INSERT INTO SUPPLIER_PRICING VALUES(2,3,5,30000);
INSERT INTO SUPPLIER_PRICING VALUES(3,5,1,3000);
INSERT INTO SUPPLIER_PRICING VALUES(4,2,3,2500);
INSERT INTO SUPPLIER_PRICING VALUES(5,4,1,1000);
INSERT INTO SUPPLIER_PRICING VALUES(6,12,2,780);
INSERT INTO SUPPLIER_PRICING VALUES(7,12,4,789);
INSERT INTO SUPPLIER_PRICING VALUES(8,3,1,31000);
INSERT INTO SUPPLIER_PRICING VALUES(9,1,5,1450);
INSERT INTO SUPPLIER_PRICING VALUES(10,4,2,999);
INSERT INTO SUPPLIER_PRICING VALUES(11,7,3,549);
INSERT INTO SUPPLIER_PRICING VALUES(12,7,4,529);
INSERT INTO SUPPLIER_PRICING VALUES(13,6,2,105);
INSERT INTO SUPPLIER_PRICING VALUES(14,6,1,99);
INSERT INTO SUPPLIER_PRICING VALUES(15,2,5,2999);
INSERT INTO SUPPLIER_PRICING VALUES(16,5,2,2999);



INSERT INTO `ORDER` VALUES (101,1500,"2021-10-06",2,1);
INSERT INTO `ORDER` VALUES(102,1000,"2021-10-12",3,5);
INSERT INTO `ORDER` VALUES(103,30000,"2021-09-16",5,2);
INSERT INTO `ORDER` VALUES(104,1500,"2021-10-05",1,1);
INSERT INTO `ORDER` VALUES(105,3000,"2021-08-16",4,3);
INSERT INTO `ORDER` VALUES(106,1450,"2021-08-18",1,9);
INSERT INTO `ORDER` VALUES(107,789,"2021-09-01",3,7);
INSERT INTO `ORDER` VALUES(108,780,"2021-09-07",5,6);
INSERT INTO `ORDER` VALUES(109,3000,"2021-09-10",5,3);
INSERT INTO `ORDER` VALUES(110,2500,"2021-09-10",2,4);
INSERT INTO `ORDER` VALUES(111,1000,"2021-09-15",4,5);
INSERT INTO `ORDER` VALUES(112,789,"2021-09-16",4,7);
INSERT INTO `ORDER` VALUES(113,31000,"2021-09-16",1,8);
INSERT INTO `ORDER` VALUES(114,1000,"2021-09-16",3,5);
INSERT INTO `ORDER` VALUES(115,3000,"2021-09-16",5,3);
INSERT INTO `ORDER` VALUES(116,99,"2021-09-17",2,14);



INSERT INTO RATING VALUES(1,101,4);
INSERT INTO RATING VALUES(2,102,3);
INSERT INTO RATING VALUES(3,103,1);
INSERT INTO RATING VALUES(4,104,2);
INSERT INTO RATING VALUES(5,105,4);
INSERT INTO RATING VALUES(6,106,3);
INSERT INTO RATING VALUES(7,107,4);
INSERT INTO RATING VALUES(8,108,4);
INSERT INTO RATING VALUES(9,109,3);
INSERT INTO RATING VALUES(10,110,5);
INSERT INTO RATING VALUES(11,111,3);
INSERT INTO RATING VALUES(12,112,4);
INSERT INTO RATING VALUES(13,113,2);
INSERT INTO RATING VALUES(14,114,1);
INSERT INTO RATING VALUES(15,115,1);
INSERT INTO RATING VALUES(16,116,0);

/* Ques 3*/
select count(cus_name) as 'Total Customers', cus_gender from (
		select C.CUS_NAME, C.CUS_GENDER, O.* from customer c
		inner join 
		`order` o
		on c.CUS_ID = o.cus_id
		where o.ord_amount >= 3000
	) as g1
	group by cus_id,CUS_GENDER;

/* Ques 4 */

select p.pro_name as 'ProductName', o.* from `order` o
inner join supplier_pricing sp
on o.PRICING_ID = sp.PRICING_ID
inner join product p
on p.PRO_ID = sp.pro_id
where o.CUS_ID = 2;

/*Ques 5*/

?*Not sure how to fetch suppliers supplying more than one product. Is it with SUpplier ID ?  Cannot match/understand with data, the question.
No answer*/

/*Ques 6*/
select C.CAT_ID, C.CAT_NAME, 
Min(comm2.MinPrice) as 'MinPrice'
 from Category C inner join (
	select P.*, comm1.MinPrice from product P inner join (
		select pro_id, min(SUPP_PRICE) as MinPrice from supplier_pricing 
		group by pro_id
	) as comm1
	on P.pro_id = comm1.PRO_ID
) as comm2
on C.CAT_ID = comm2.CAT_ID
group by comm2.CAT_ID;

/*Ques 7*/
select p.PRO_ID, p.PRO_NAME, o.ORD_DATE from product p
inner join supplier_pricing sp
ON p.PRO_ID = sp.pro_ID
inner join `order` o
on sp.PRICING_ID = o.PRICING_ID
where o.ORD_DATE > "2021-10-05";

/* Ques 8*/
 select cus_name, cus_gender from customer where cus_name like 'A%'
OR cus_name like '%A';

/*Ques 9*/
select s.supp_id, s.supp_name, r.rat_ratstars as rating, 
CASE
	WHEN r.rat_ratstars = 5 THEN 'Excellent Service'
	WHEN r.rat_ratstars > 4 THEN 'Good Service'    
	WHEN r.rat_ratstars > 2 THEN 'Average Service'    
    ELSE 'Poor Service'
END As 'TypeOfService'
from supplier s, rating r, `order` o, supplier_pricing sp
where r.ORD_ID=o.ord_id and
sp.PRICING_ID = o.pricing_id and
sp.supp_id = s.SUPP_ID;






